Thème (IT),Mot français,Genre grammatical,Singulier IT,Pluriel IT,Astuce mnémotechnique
100 verbi comuni,accepter,—,accettare,—,'Accettare' → 'accepter' (quasi identique)
100 verbi comuni,acheter,—,comprare,—,'Comprare' → penser à 'compra' (achat en espagnol)
100 verbi comuni,aider,—,aiutare,—,'Aiutare' → 'aide' + '-utare'
100 verbi comuni,aimer,—,amare,—,'Amare' → 'amour' (latin amor)
100 verbi comuni,aller,—,andare,—,'Andare' → à retenir absolument !
100 verbi comuni,appeler,—,chiamare,—,'Chiamare' → 'clameur' (appeler fort)
100 verbi comuni,apprendre,—,imparare,—,'Imparare' → 'impartir' un savoir
100 verbi comuni,arrêter,—,fermare,—,'Fermare' → 'fermer' (bloquer)
100 verbi comuni,attendre,—,aspettare,—,'Aspettare' → 'aspect' (regarder venir)
100 verbi comuni,avoir,—,avere,—,'Avere' → 'avoir' (très proche)
100 verbi comuni,boire,—,bere,—,'Bere' → court comme une gorgée !
100 verbi comuni,casser,—,rompere,—,'Rompere' → 'rompre' en français
100 verbi comuni,changer,—,cambiare,—,'Cambiare' → 'cambio' (change de monnaie)
100 verbi comuni,chanter,—,cantare,—,'Cantare' → 'chanter' (quasi identique)
100 verbi comuni,chercher,—,cercare,—,'Cercare' → 'cercle' (chercher en tournant)
100 verbi comuni,choisir,—,scegliere,—,'Scegliere' → irrégulier à retenir
100 verbi comuni,commencer,—,iniziare,—,'Iniziare' → 'initier'
100 verbi comuni,comprendre,—,capire,—,'Capire' → 'capter' (saisir)
100 verbi comuni,conduire,—,guidare,—,'Guidare' → 'guider'
100 verbi comuni,connaître,—,sapere,—,'Sapere' → 'savoir' (connaître par savoir)
100 verbi comuni,continuer,—,continuare,—,'Continuare' → 'continuer' (quasi identique)
100 verbi comuni,couper,—,tagliare,—,'Tagliare' → 'tailler'
100 verbi comuni,courir,—,correre,—,'Correre' → 'course'
100 verbi comuni,croire,—,credere,—,'Credere' → 'crédule' (qui croit)
100 verbi comuni,décider,—,decidere,—,'Decidere' → 'décider' (quasi identique)
100 verbi comuni,demander,—,chiedere,—,'Chiedere' → à retenir (irrégulier)
100 verbi comuni,devenir,—,diventare,—,'Diventare' → 'di + ventare' (en avant)
100 verbi comuni,devoir,—,dovere,—,'Dovere' → 'devoir' (proche)
100 verbi comuni,dire,—,dire,—,Identique au français !
100 verbi comuni,donner,—,dare,—,'Dare' → 'donner' raccourci
100 verbi comuni,dormir,—,dormire,—,'Dormire' → 'dormir' (quasi identique)
100 verbi comuni,écouter,—,ascoltare,—,'Ascoltare' → 'ausculter'
100 verbi comuni,écrire,—,scrivere,—,'Scrivere' → 'scribe'
100 verbi comuni,entendre,—,sentire,—,'Sentire' → 'sentir / percevoir'
100 verbi comuni,entrer,—,entrare,—,'Entrare' → 'entrer' (quasi identique)
100 verbi comuni,envoyer,—,mandare,—,'Mandare' → 'mandat' (envoyer officiellement)
100 verbi comuni,essayer,—,provare,—,'Provare' → 'prouver / essayer'
100 verbi comuni,être,—,essere,—,'Essere' → 'essence' (l'être)
100 verbi comuni,expliquer,—,spiegare,—,'Spiegare' → 'déplier' une explication
100 verbi comuni,faire,—,fare,—,'Fare' → court et essentiel !
100 verbi comuni,fermer,—,chiudere,—,'Chiudere' → 'clore'
100 verbi comuni,finir,—,finire,—,'Finire' → 'finir' (quasi identique)
100 verbi comuni,gagner,—,vincere,—,'Vincere' → 'vaincre'
100 verbi comuni,jouer,—,giocare,—,'Giocare' → 'jouer' (le g est doux)
100 verbi comuni,lire,—,leggere,—,'Leggere' → 'lecture' (latin legere)
100 verbi comuni,manger,—,mangiare,—,'Mangiare' → 'manger' (quasi identique)
100 verbi comuni,marcher,—,camminare,—,'Camminare' → 'chemin' à pied
100 verbi comuni,mettre,—,mettere,—,'Mettere' → 'mettre' (quasi identique)
100 verbi comuni,montrer,—,mostrare,—,'Mostrare' → 'montrer' (proche)
100 verbi comuni,oublier,—,dimenticare,—,'Dimenticare' → 'dément' (fou d'oubli)
100 verbi comuni,ouvrir,—,aprire,—,'Aprire' → 'aperture'
100 verbi comuni,parler,—,parlare,—,'Parlare' → 'parler' (quasi identique)
100 verbi comuni,partir,—,partire,—,'Partire' → 'partir' (quasi identique)
100 verbi comuni,payer,—,pagare,—,'Pagare' → 'payer' (proche)
100 verbi comuni,penser,—,pensare,—,'Pensare' → 'penser' (quasi identique)
100 verbi comuni,perdre,—,perdere,—,'Perdere' → 'perdre' (quasi identique)
100 verbi comuni,pleurer,—,piangere,—,'Piangere' → 'plainte'
100 verbi comuni,porter (vêtement),—,indossare,—,'Indossare' → 'endosser' un vêtement
100 verbi comuni,pouvoir,—,potere,—,'Potere' → 'potentiel'
100 verbi comuni,prendre,—,prendere,—,'Prendere' → 'prendre' (quasi identique)
100 verbi comuni,préparer,—,preparare,—,'Preparare' → 'préparer' (quasi identique)
100 verbi comuni,recevoir,—,ricevere,—,'Ricevere' → 'recevoir' (proche)
100 verbi comuni,refuser,—,rifiutare,—,'Rifiutare' → 'refuser' (proche)
100 verbi comuni,regarder,—,guardare,—,'Guardare' → 'garder un œil sur'
100 verbi comuni,rencontrer,—,incontrare,—,'Incontrare' → 'rencontre en chemin'
100 verbi comuni,répondre,—,rispondere,—,'Rispondere' → 'répondre' (proche)
100 verbi comuni,rester,—,restare,—,'Restare' → 'rester' (quasi identique)
100 verbi comuni,retourner,—,tornare,—,'Tornare' → 'tourner pour revenir'
100 verbi comuni,réussir,—,riuscire,—,'Riuscire' → 'ré + uscire' (sortir par le haut)
100 verbi comuni,rire,—,ridere,—,'Ridere' → 'ridicule' (qui fait rire)
100 verbi comuni,s'asseoir,—,sedersi,—,'Sedersi' → 'sédentaire' (assis)
100 verbi comuni,s'endormir,—,addormentarsi,—,'Addormentarsi' → 'endormir' + -si réfléchi
100 verbi comuni,savoir,—,sapere,—,'Sapere' → 'savoir' (latin sapere)
100 verbi comuni,se laver,—,lavarsi,—,'Lavarsi' → 'laver' + -si réfléchi
100 verbi comuni,se reposer,—,riposarsi,—,'Riposarsi' → 'repos' + -si réfléchi
100 verbi comuni,se réveiller,—,svegliarsi,—,'Svegliarsi' → à retenir par cœur
100 verbi comuni,se souvenir,—,ricordare,—,'Ricordare' → 'recorder' (enregistrer)
100 verbi comuni,sortir,—,uscire,—,'Uscire' → 'issue' (la sortie)
100 verbi comuni,suivre,—,seguire,—,'Seguire' → 'séquence' (qui suit)
100 verbi comuni,tenir,—,tenere,—,'Tenere' → 'tenir' (quasi identique)
100 verbi comuni,tomber,—,cadere,—,'Cadere' → 'cadence' (tomber en rythme)
100 verbi comuni,toucher,—,toccare,—,'Toccare' → 'toquer' (frapper = toucher)
100 verbi comuni,travailler,—,lavorare,—,'Lavorare' → 'laborer' (latin)
100 verbi comuni,trouver,—,trovare,—,'Trovare' → 'trouver' (proche)
100 verbi comuni,utiliser,—,utilizzare,—,'Utilizzare' → 'utiliser' (quasi identique)
100 verbi comuni,vendre,—,vendere,—,'Vendere' → 'vendre' (quasi identique)
100 verbi comuni,venir,—,venire,—,'Venire' → 'venir' (quasi identique)
100 verbi comuni,vivre,—,vivere,—,'Vivere' → 'vivre' (quasi identique)
100 verbi comuni,voir,—,vedere,—,'Vedere' → 'vidéo' (voir)
100 verbi comuni,voler (ciel),—,volare,—,'Volare' → chanson italienne célèbre !
100 verbi comuni,voler (qqch),—,rubare,—,'Rubare' → 'rober' (vieux français = voler)
100 verbi comuni,vouloir,—,volere,—,'Volere' → 'volonté'
100 avverbi utili,à peine,—,appena,—,'Appena' → 'à peine arrivé'
100 avverbi utili,absolument,—,assolutamente,—,'Assolutamente' → 'absolument' (quasi identique)
100 avverbi utili,actuellement,—,attualmente,—,Attention : ne signifie pas 'actuellement' mais 'en ce moment' !
100 avverbi utili,ailleurs,—,altrove,—,'Altrove' → 'autre + ove (où)' = ailleurs
100 avverbi utili,assez,—,abbastanza,—,'Abbastanza' → à retenir (long mais utile)
100 avverbi utili,aussi,—,anche,—,'Anche' → 'encore' au sens de 'aussi'
100 avverbi utili,beaucoup,—,molto,—,'Molto' → 'beaucoup' (très fréquent)
100 avverbi utili,bien,—,bene,—,'Bene' → 'bénéfique' (bien)
100 avverbi utili,bientôt,—,presto,—,'Presto' → terme musical = vite !
100 avverbi utili,certainement,—,sicuramente,—,'Sicuramente' → 'sûrement'
100 avverbi utili,clairement,—,chiaramente,—,'Chiaramente' → 'clairement' (proche)
100 avverbi utili,complètement,—,completamente,—,'Completamente' → 'complètement' (quasi identique)
100 avverbi utili,d'habitude,—,di solito,—,'Di solito' → 'de coutume habituelle'
100 avverbi utili,doucement,—,dolcemente,—,'Dolcemente' → 'doucement' (dolce = doux)
100 avverbi utili,encore,—,di nuovo,—,'Di nuovo' = de nouveau
100 avverbi utili,ensemble,—,insieme,—,'Insieme' → 'ensemble' (proche)
100 avverbi utili,ensuite,—,poi,—,'Poi' → court comme 'puis'
100 avverbi utili,environ,—,circa,—,'Circa' → 'circa' utilisé même en français !
100 avverbi utili,évidemment,—,ovviamente,—,'Ovviamente' → 'évidemment' (proche)
100 avverbi utili,exactement,—,esattamente,—,'Esattamente' → 'exactement' (quasi identique)
100 avverbi utili,facilement,—,facilmente,—,'Facilmente' → 'facilement' (quasi identique)
100 avverbi utili,finalement,—,infine,—,'Infine' → 'en fin de compte'
100 avverbi utili,franchement,—,francamente,—,'Francamente' → 'franchement' (quasi identique)
100 avverbi utili,heureusement,—,fortunatamente,—,'Fortunatamente' → 'par chance' (fortuna)
100 avverbi utili,immédiatement,—,immediatamente,—,'Immediatamente' → 'immédiatement' (quasi identique)
100 avverbi utili,jamais,—,mai,—,'Mai' → court comme un 'jamais' catégorique !
100 avverbi utili,lentement,—,lentamente,—,'Lentamente' → 'lentement' (quasi identique)
100 avverbi utili,maintenant,—,adesso,—,'Adesso' → 'à ce moment' = maintenant
100 avverbi utili,malheureusement,—,purtroppo,—,'Purtroppo' → 'pour trop' (hélas)
100 avverbi utili,naturellement,—,naturalmente,—,'Naturalmente' → 'naturellement' (quasi identique)
100 avverbi utili,parfois,—,a volte,—,'A volte' → 'à des moments' = parfois
100 avverbi utili,partout,—,ovunque,—,'Ovunque' → 'où que ce soit'
100 avverbi utili,peut-être,—,forse,—,'Forse' → court comme un doute !
100 avverbi utili,presque,—,quasi,—,'Quasi' → utilisé en français aussi !
100 avverbi utili,probablement,—,probabilmente,—,'Probabilmente' → 'probablement' (quasi identique)
100 avverbi utili,rapidement,—,rapidamente,—,'Rapidamente' → 'rapidement' (quasi identique)
100 avverbi utili,rarement,—,raramente,—,'Raramente' → 'rarement' (quasi identique)
100 avverbi utili,seulement,—,solo,—,'Solo' → 'seul/seulement' (musique solo !)
100 avverbi utili,simplement,—,semplicemente,—,'Semplicemente' → 'simplement' (proche)
100 avverbi utili,soudainement,—,all'improvviso,—,'All'improvviso' → 'à l'improviste'
100 avverbi utili,souvent,—,spesso,—,'Spesso' → à retenir par cœur
100 avverbi utili,toujours,—,sempre,—,'Sempre' → 'toujours' (musique : sempre forte)
100 avverbi utili,tout de suite,—,subito,—,'Subito' → terme musical = immédiatement !
100 avverbi utili,très,—,molto,—,'Molto' → 'beaucoup / très' (double emploi)
100 avverbi utili,vraiment,—,davvero,—,'Davvero' → 'da vero' = du vrai = vraiment
100 aggettivi utili,accueillant,m,accogliente,accoglienti,'Accogliente' → 'accueillant' (proche)
100 aggettivi utili,agréable,m/f,piacevole,piacevoli,'Piacevole' → 'plaisant'
100 aggettivi utili,amusant,m,divertente,divertenti,'Divertente' → 'divertissant'
100 aggettivi utili,beau,m,bello,belli,'Bello' → 'beau' (quasi identique)
100 aggettivi utili,bon,m,buono,buoni,'Buono' → 'bon' (quasi identique)
100 aggettivi utili,calme,m/f,calmo/calma,calmi/calme,'Calmo' → 'calme' (quasi identique)
100 aggettivi utili,capable,m/f,capace,capaci,'Capace' → 'capable' (quasi identique)
100 aggettivi utili,cher,m,caro,cari,'Caro' → 'cher' (aussi utilisé pour 'chéri' !)
100 aggettivi utili,clair,m,chiaro,chiari,'Chiaro' → 'clair' (proche)
100 aggettivi utili,complet,m,completo,completi,'Completo' → 'complet' (quasi identique)
100 aggettivi utili,confortable,m/f,comodo,comodi,'Comodo' → 'commode' = confortable
100 aggettivi utili,content,m,contento,contenti,'Contento' → 'content' (quasi identique)
100 aggettivi utili,courageux,m,coraggioso,coraggiosi,'Coraggioso' → 'courageux' (proche)
100 aggettivi utili,curieux,m,curioso,curiosi,'Curioso' → 'curieux' (quasi identique)
100 aggettivi utili,dangereux,m,pericoloso,pericolosi,'Pericoloso' → 'périlleux'
100 aggettivi utili,délicieux,m,delizioso,deliziosi,'Delizioso' → 'délicieux' (quasi identique)
100 aggettivi utili,différent,m,diverso,diversi,'Diverso' → 'divers'
100 aggettivi utili,difficile,m/f,difficile,difficili,'Difficile' → identique au français !
100 aggettivi utili,doux,m,dolce,dolci,'Dolce' → 'doux / sucré'
100 aggettivi utili,dynamique,m/f,dinamico,dinamici,'Dinamico' → 'dynamique' (quasi identique)
100 aggettivi utili,efficace,m/f,efficace,efficaci,'Efficace' → identique au français !
100 aggettivi utili,élégant,m,elegante,eleganti,'Elegante' → 'élégant' (quasi identique)
100 aggettivi utili,énervé,m,arrabbiato,arrabbiati,'Arrabbiato' → 'en rage' = énervé
100 aggettivi utili,ennuyant,m,noioso,noiosi,'Noioso' → 'ennuyeux' (penser à 'ennui')
100 aggettivi utili,étrange,m,strano,strani,'Strano' → 'étrange' (proche)
100 aggettivi utili,excellent,m,eccellente,eccellenti,'Eccellente' → 'excellent' (quasi identique)
100 aggettivi utili,facile,m/f,facile,facili,'Facile' → identique au français !
100 aggettivi utili,faible,m,debole,deboli,'Debole' → 'débile' (sens étymologique : faible)
100 aggettivi utili,fatigué,m,stanco,stanchi,'Stanco' → à retenir par cœur
100 aggettivi utili,fort,m,forte,forti,'Forte' → terme musical = fort !
100 aggettivi utili,fragile,m/f,fragile,fragili,'Fragile' → identique au français !
100 aggettivi utili,frais,m,fresco,freschi,'Fresco' → 'fresque' (peinte à frais)
100 aggettivi utili,froid,m,freddo,freddi,'Freddo' → 'froid' (proche)
100 aggettivi utili,généreux,m,generoso,generosi,'Generoso' → 'généreux' (quasi identique)
100 aggettivi utili,gentil,m,gentile,gentili,'Gentile' → 'gentil' (quasi identique)
100 aggettivi utili,grand,m,grande,grandi,'Grande' → 'grand' (quasi identique)
100 aggettivi utili,heureux,m,felice,felici,'Felice' → 'félicitations' (heureux)
100 aggettivi utili,honnête,m/f,onesto,onesti,'Onesto' → 'honnête' (proche)
100 aggettivi utili,horrible,m/f,orribile,orribili,'Orribile' → 'horrible' (quasi identique)
100 aggettivi utili,important,m,importante,importanti,'Importante' → 'important' (quasi identique)
100 aggettivi utili,impossible,m/f,impossibile,impossibili,'Impossibile' → 'impossible' (quasi identique)
100 aggettivi utili,incroyable,m/f,incredibile,incredibili,'Incredibile' → 'incroyable' (quasi identique)
100 aggettivi utili,inquiet,m,preoccupato,preoccupati,'Preoccupato' → 'préoccupé' = inquiet
100 aggettivi utili,intelligent,m,intelligente,intelligenti,'Intelligente' → 'intelligent' (quasi identique)
100 aggettivi utili,intéressant,m,interessante,interessanti,'Interessante' → 'intéressant' (quasi identique)
100 aggettivi utili,jaloux,m,geloso,gelosi,'Geloso' → 'jaloux' (penser à 'gel' qui fige)
100 aggettivi utili,jeune,m/f,giovane,giovani,'Giovane' → 'jouvenceau' (jeune)
100 aggettivi utili,léger,m,leggero,leggeri,'Leggero' → 'léger' (proche)
100 aggettivi utili,lent,m,lento,lenti,'Lento' → terme musical = lent !
100 aggettivi utili,long,m,lungo,lunghi,'Lungo' → 'long' (quasi identique)
100 aggettivi utili,lourd,m,pesante,pesanti,'Pesante' → 'pesant' = lourd
100 aggettivi utili,magnifique,m,magnifico,magnifici,'Magnifico' → 'magnifique' (quasi identique)
100 aggettivi utili,malade,m,malato,malati,'Malato' → 'mal + ato' = malade
100 aggettivi utili,mauvais,m,cattivo,cattivi,'Cattivo' → 'captif' (mauvais prisonnier au Moyen-Âge)
100 aggettivi utili,merveilleux,m,meraviglioso,meravigliosi,'Meraviglioso' → 'merveilleux' (proche)
100 aggettivi utili,moderne,m,moderno,moderni,'Moderno' → 'moderne' (quasi identique)
100 aggettivi utili,motivé,m,motivato,motivati,'Motivato' → 'motivé' (quasi identique)
100 aggettivi utili,mystérieux,m,misterioso,misteriosi,'Misterioso' → 'mystérieux' (quasi identique)
La famiglia e gli amici,l'arrière-grand-père,m,il bisnonno,i bisnonni,'Bis' = deux fois → avant le nonno
La famiglia e gli amici,l'arrière-grand-mère,f,la bisnonna,le bisnonne,'Bis' = deux fois → avant la nonna
La famiglia e gli amici,le grand-père,m,il nonno,i nonni,'Nonno' → doux comme 'nounours'
La famiglia e gli amici,la grand-mère,f,la nonna,le nonne,'Nonna' → la reine de la cuisine italienne !
La famiglia e gli amici,le père,m,il padre / il papà,i padri,'Padre' → latin pater
La famiglia e gli amici,la mère,f,la madre / la mamma,le madri,'Madre' → latin mater
La famiglia e gli amici,les parents,m pl,il genitore (sg),i genitori,'Genitori' → 'géniteurs'
La famiglia e gli amici,l'enfant,m,il bambino,i bambini,'Bambino' → mondialement connu !
La famiglia e gli amici,le fils,m,il figlio,i figli,'Figlio' → 'fils' (proche)
La famiglia e gli amici,la fille,f,la figlia,le figlie,'Figlia' → féminin de figlio
La famiglia e gli amici,le bébé,m,il bambino,i bambini,Même mot que 'enfant' en contexte
La famiglia e gli amici,l'adolescent,m,l'adolescente,gli adolescenti,'Adolescente' → identique au français !
La famiglia e gli amici,le frère,m,il fratello,i fratelli,'Fratello' → 'fraternel'
La famiglia e gli amici,la sœur,f,la sorella,le sorelle,'Sorella' → 'sororité'
La famiglia e gli amici,le demi-frère,m,il fratellastro,i fratellastri,'Fratellastro' → fratello + suffixe péjoratif
La famiglia e gli amici,la demi-sœur,f,la sorellastra,le sorellastre,'Sorellastra' → sorella + suffixe
La famiglia e gli amici,le jumeau,m,il gemello,i gemelli,'Gemelli' → signe du zodiaque (Gémeaux) !
La famiglia e gli amici,l'oncle,m,lo zio,gli zii,Court et simple !
La famiglia e gli amici,la tante,f,la zia,le zie,Court et simple !
La famiglia e gli amici,le cousin,m,il cugino,i cugini,'Cugino' → proche du français
La famiglia e gli amici,la cousine,f,la cugina,le cugine,Féminin de cugino
La famiglia e gli amici,le neveu,m,il nipote,i nipoti,Attention : même mot pour neveu et petit-fils !
La famiglia e gli amici,la nièce,f,la nipote,le nipoti,Même mot que petit-fils au féminin
La famiglia e gli amici,le petit-fils,m,il nipote,i nipoti,Même mot que neveu !
La famiglia e gli amici,la petite-fille,f,la nipote,le nipoti,Même mot que nièce !
La famiglia e gli amici,le fiancé,m,il fidanzato,i fidanzati,'Fidanzato' → 'fiancé' (proche)
La famiglia e gli amici,la fiancée,f,la fidanzata,le fidanzate,Féminin de fidanzato
La famiglia e gli amici,le mari,m,il marito,i mariti,'Marito' → 'mariage'
La famiglia e gli amici,la femme / l'épouse,f,la moglie,le mogli,Irrégulier ! À mémoriser absolument
La famiglia e gli amici,les beaux-parents,m pl,il suocero (sg),i suoceri,'Suocero/a' → à retenir par cœur
La famiglia e gli amici,le beau-père (remarié),m,il patrigno,i patrigni,'Patrigno' → pater + suffixe
La famiglia e gli amici,la belle-mère (remariée),f,la matrigna,le matrigne,'Matrigna' → mater + suffixe
La famiglia e gli amici,le beau-frère,m,il cognato,i cognati,'Cognato' → 'cognat' (droit romain)
La famiglia e gli amici,la belle-sœur,f,la cognata,le cognate,Féminin de cognato
La famiglia e gli amici,le gendre,m,il genero,i generi,'Genero' → lié au genre/famille
La famiglia e gli amici,le parrain,m,il padrino,i padrini,'Padrino' = Le Parrain ! (film célèbre)
La famiglia e gli amici,la marraine,f,la madrina,le madrine,'Madrina' = petite mère
La famiglia e gli amici,le filleul,m,il figlioccio,i figlioccio,'Figlioccio' → 'petit fils spirituel'
La famiglia e gli amici,la filleule,f,la figlioccia,le figliocce,Féminin de figlioccio
La famiglia e gli amici,adopté,m,adottato,adottati,'Adottato' → 'adopté' (quasi identique)
La famiglia e gli amici,enfant unique,m,figlio unico,figli unici,'Unico' → 'unique' (quasi identique)
Il cibo e le bevande,le petit-déjeuner,m,la colazione,le colazioni,'Colazione' → à retenir par cœur
Il cibo e le bevande,le déjeuner,m,il pranzo,i pranzi,'Pranzo' → à retenir par cœur
Il cibo e le bevande,le dîner,m,la cena,le cene,'Cena' → 'La Cène' (le repas du soir)
Il cibo e le bevande,le menu,m,il menu,i menu,Mot français adopté !
Il cibo e le bevande,l'entrée (antipasto),m,l'antipasto,gli antipasti,'Anti + pasto' = avant le plat
Il cibo e le bevande,le plat principal,m,il piatto principale,i piatti principali,'Piatto' = assiette/plat
Il cibo e le bevande,une recette,f,una ricetta,le ricette,'Ricetta' → 'recette' (proche)
Il cibo e le bevande,le pain,m,il pane,i pani,'Pane' → 'pain' (latin panis)
Il cibo e le bevande,le beurre,m,il burro,i burri,'Burro' → 'beurre' (proche)
Il cibo e le bevande,le fromage,m,il formaggio,i formaggi,'Formaggio' → 'fromage' (proche)
Il cibo e le bevande,le lait,m,il latte,i latti,'Latte' → 'lait' (latin lac/lactis)
Il cibo e le bevande,le sucre,m,lo zucchero,gli zuccheri,'Zucchero' → 'sucre' (proche)
Il cibo e le bevande,le sel,m,il sale,i sali,'Sale' → latin sal (comme 'salaire' !)
Il cibo e le bevande,le poivre,m,il pepe,i pepi,'Pepe' → 'pepper'
Il cibo e le bevande,l'huile d'olive,f,l'olio d'oliva,gli oli d'oliva,'Olio' → 'huile'
Il cibo e le bevande,la farine,f,la farina,le farine,'Farina' → 'farine' (quasi identique)
Il cibo e le bevande,le riz,m,il riso,i risi,'Riso' → 'riz' (proche) — aussi 'rire' !
Il cibo e le bevande,les pâtes,f pl,la pasta (sg),le paste,'Pasta' → mondialement connu !
Il cibo e le bevande,les œufs,f pl,l'uovo (sg),le uova,'Uova' → pluriel irrégulier féminin !
Il cibo e le bevande,la confiture,f,la marmellata,le marmellate,'Marmellata' → 'marmelade'
Il cibo e le bevande,le miel,m,il miele,i mieli,'Miele' → 'miel' (quasi identique)
Il cibo e le bevande,le chocolat,m,il cioccolato,i cioccolati,'Cioccolato' → 'chocolat' (proche)
Il cibo e le bevande,un gâteau,m,una torta,le torte,'Torta' → 'tarte' en français
Il cibo e le bevande,un biscuit,m,un biscotto,i biscotti,'Biscotto' → 'biscuit' (quasi identique)
Il cibo e le bevande,un sandwich,m,un panino,i panini,'Panino' → 'petit pain' (mondialement connu)
Il cibo e le bevande,la viande,f,la carne,le carni,'Carne' → 'carné' (à base de viande)
Il cibo e le bevande,le poulet,m,il pollo,i polli,'Pollo' → 'poulet' (proche)
Il cibo e le bevande,le bœuf,m,il manzo,i manzi,'Manzo' → à retenir par cœur
Il cibo e le bevande,le porc,m,il maiale,i maiali,'Maiale' → 'mauvais animal' (vieux sens)
Il cibo e le bevande,le jambon,m,il prosciutto,i prosciutti,'Prosciutto' → mondialement connu !
Il cibo e le bevande,le poisson,m,il pesce,i pesci,'Pesce' → signe du zodiaque (Poissons) !
Il cibo e le bevande,le saumon,m,il salmone,i salmoni,'Salmone' → 'saumon' (quasi identique)
Il cibo e le bevande,le thon,m,il tonno,i tonni,'Tonno' → 'thon' (proche)
Il cibo e le bevande,une crevette,f,un gambero,i gamberi,'Gambero' → 'gamberoni' (grosses crevettes)
Il cibo e le bevande,l'eau,f,l'acqua,le acque,'Acqua' → 'aquatique'
Il cibo e le bevande,le café,m,il caffè,i caffè,'Caffè' → 'café' (quasi identique)
Il cibo e le bevande,le thé,m,il tè,i tè,'Tè' → 'thé' (quasi identique)
Il cibo e le bevande,le vin,m,il vino,i vini,'Vino' → 'vin' (quasi identique)
Il cibo e le bevande,la bière,f,la birra,le birre,'Birra' → 'bière' (proche)
Il cibo e le bevande,le jus d'orange,m,il succo d'arancia,i succhi d'arancia,'Succo' → 'jus / suc'
Il cibo e le bevande,une glace (dessert),m,un gelato,i gelati,'Gelato' → mondialement connu !
Il cibo e le bevande,avoir faim,—,avere fame,—,'Fame' → 'famine' (faim extrême)
Il cibo e le bevande,avoir soif,—,avere sete,—,'Sete' → à retenir par cœur
Il cibo e le bevande,commander,—,ordinare,—,'Ordinare' → 'ordonner / commander'
Il cibo e le bevande,goûter,—,assaggiare,—,'Assaggiare' → 'essayer le goût'
Il cibo e le bevande,sucré,m,dolce,dolci,'Dolce' → 'doux / sucré' (dolce vita !)
Il cibo e le bevande,salé,m,salato,salati,'Salato' → 'salé' (proche)
Il cibo e le bevande,épicé,m,piccante,piccanti,'Piccante' → 'piquant' = épicé
Il cibo e le bevande,amer,m,amaro,amari,'Amaro' → 'amer' (quasi identique)
La casa,à la maison,—,a casa,—,'A casa' → expression très courante
La casa,un appartement,m,un appartamento,gli appartamenti,'Appartamento' → 'appartement' (quasi identique)
La casa,une maison,f,una casa,le case,'Casa' → 'maison' (latin casa)
La casa,une chambre,f,una camera,le camere,'Camera' → 'chambre' (latin camera)
La casa,une cuisine,f,una cucina,le cucine,'Cucina' → 'cuisine' (quasi identique)
La casa,un salon,m,un soggiorno,i soggiorni,'Soggiorno' → 'séjour'
La casa,une salle à manger,f,una sala da pranzo,le sale da pranzo,'Sala da pranzo' → 'salle du dîner'
La casa,une salle de bains,m,un bagno,i bagni,'Bagno' → 'bain' (quasi identique)
La casa,un couloir,m,un corridoio,i corridoi,'Corridoio' → 'corridor'
La casa,un balcon,m,un balcone,i balconi,'Balcone' → 'balcon' (quasi identique)
La casa,un jardin,m,un giardino,i giardini,'Giardino' → 'jardin' (proche)
La casa,un garage,m,un garage,i garage,Mot français adopté !
La casa,un étage,m,un piano,i piani,'Piano' → 'plan / niveau' (aussi instrument !)
La casa,un toit,m,un tetto,i tetti,'Tetto' → 'toit' (proche)
La casa,un mur,m,un muro,i muri,'Muro' → 'mur' (quasi identique)
La casa,un plafond,m,un soffitto,i soffitti,'Soffitto' → 'sofite' (architecture)
La casa,le sol,m,il pavimento,i pavimenti,'Pavimento' → 'pavement'
La casa,les escaliers,f pl,la scala (sg),le scale,'Scala' → 'escalier' (proche)
La casa,une porte,f,una porta,le porte,'Porta' → 'porte' (quasi identique)
La casa,une fenêtre,f,una finestra,le finestre,'Finestra' → 'fenêtre' (proche)
La casa,une clé,f,una chiave,le chiavi,'Chiave' → 'clé / clavier'
La casa,un lit,m,un letto,i letti,'Letto' → 'lit' (quasi identique)
La casa,un canapé,m,un divano,i divani,'Divano' → 'divan'
La casa,une table,f,un tavolo,i tavoli,'Tavolo' → 'table' (proche)
La casa,une chaise,f,una sedia,le sedie,'Sedia' → 'siège / chaise'
La casa,un fauteuil,f,una poltrona,le poltrone,'Poltrona' → 'fauteuil' (à retenir)
La casa,une armoire,m,un armadio,gli armadi,'Armadio' → 'armoire' (quasi identique)
La casa,un miroir,m,uno specchio,gli specchi,'Specchio' → 'speculum' (miroir latin)
La casa,une lampe,f,una lampada,le lampade,'Lampada' → 'lampe' (quasi identique)
La casa,un frigo,m,un frigorifero,i frigoriferi,'Frigorifero' → 'frigidaire'
La casa,un four,m,un forno,i forni,'Forno' → 'four' (quasi identique)
La casa,une douche,f,una doccia,le docce,'Doccia' → 'douche' (proche)
La casa,une baignoire,f,una vasca da bagno,le vasche da bagno,'Vasca' → 'bac / cuve'
La casa,une télévision,m,un televisore,i televisori,'Televisore' → 'téléviseur'
La casa,un aspirateur,m,un aspirapolvere,gli aspirapolvere,'Aspira + polvere' = aspire + poussière
La casa,une poubelle,m,un bidone della spazzatura,i bidoni,'Spazzatura' → 'saleté / ordures'
La casa,propre,m,pulito,puliti,'Pulito' → 'poli / propre'
La casa,sale (adj),m,sporco,sporchi,'Sporco' → 'sale / crasseux'
Il corpo umano,une main,f,una mano,le mani,Pluriel féminin irrégulier (le mani) !
Il corpo umano,un bras,m,un braccio,le braccia,Pluriel féminin irrégulier (le braccia) !
Il corpo umano,l'épaule,f,la spalla,le spalle,'Spalla' → 'épaule' (proche)
Il corpo umano,le coude,m,il gomito,i gomiti,'Gomito' → 'coude' (à retenir)
Il corpo umano,le poignet,m,il polso,i polsi,'Polso' → 'pouls' (au poignet !)
Il corpo umano,les doigts,f pl,il dito (sg),le dita,Pluriel féminin irrégulier !
Il corpo umano,un pouce,m,un pollice,i pollici,'Pollice' → 'pouce' (latin pollex)
Il corpo umano,la paume,f,il palmo,i palmi,'Palmo' → 'paume' (quasi identique)
Il corpo umano,le ventre,f,la pancia,le pance,'Pancia' → 'panse' = ventre
Il corpo umano,le dos,f,la schiena,le schiene,'Schiena' → à retenir par cœur
Il corpo umano,la poitrine,m,il petto,i petti,'Petto' → 'poitrine' (penser à 'pectoral')
Il corpo umano,la taille (corps),f,la vita,le vite,'Vita' → 'vie / taille' (la ligne de vie)
Il corpo umano,une jambe,f,una gamba,le gambe,'Gamba' → 'jambe' (instrument : viola da gamba)
Il corpo umano,un genou,m,un ginocchio,le ginocchia,Pluriel irrégulier !
Il corpo umano,un pied,m,un piede,i piedi,'Piede' → 'pied' (quasi identique)
Il corpo umano,la cheville,f,la caviglia,le caviglie,'Caviglia' → à retenir par cœur
Il corpo umano,le cœur,m,il cuore,i cuori,'Cuore' → 'cœur' (proche)
Il corpo umano,le cerveau,m,il cervello,i cervelli,'Cervello' → 'cerveau' (quasi identique)
Il corpo umano,l'estomac,m,lo stomaco,gli stomaci,'Stomaco' → 'estomac' (quasi identique)
Il corpo umano,le foie,m,il fegato,i fegati,'Fegato' → à retenir par cœur
Il corpo umano,les poumons,m pl,il polmone (sg),i polmoni,'Polmone' → 'poumon' (proche)
Il corpo umano,les reins,m pl,il rene (sg),i reni,'Rene' → 'rein' (quasi identique)
Il corpo umano,un os,m,un osso,le ossa,Pluriel féminin irrégulier !
Il corpo umano,un muscle,m,un muscolo,i muscoli,'Muscolo' → 'muscle' (quasi identique)
Il corpo umano,la peau,f,la pelle,le pelli,'Pelle' → 'peau' (proche)
Il corpo umano,le sang,m,il sangue,i sangui,'Sangue' → 'sang' (quasi identique)
I vestiti e gli accessori,une chemise,f,una camicia,le camicie,'Camicia' → 'chemise' (proche)
I vestiti e gli accessori,un t-shirt,f,una t-shirt,le t-shirt,Mot anglais adopté
I vestiti e gli accessori,un pull,m,un maglione,i maglioni,'Maglione' → 'maille' (tricot)
I vestiti e gli accessori,un manteau,m,un cappotto,i cappotti,'Cappotto' → 'capote' (manteau)
I vestiti e gli accessori,une veste,f,una giacca,le giacche,'Giacca' → 'jaquette'
I vestiti e gli accessori,un pantalon,m,un pantalone,i pantaloni,'Pantalone' → personnage de la Commedia dell'arte !
I vestiti e gli accessori,un jean,m,un jeans,i jeans,Mot anglais adopté
I vestiti e gli accessori,un short,m,un pantaloncino,i pantaloncini,'Pantaloncino' = petit pantalon
I vestiti e gli accessori,une jupe,f,una gonna,le gonne,'Gonna' → à retenir par cœur
I vestiti e gli accessori,une robe,m,un abito,gli abiti,'Abito' → 'habit / robe'
I vestiti e gli accessori,un pyjama,m,un pigiama,i pigiami,'Pigiama' → 'pyjama' (quasi identique)
I vestiti e gli accessori,un maillot de bain,m,un costume da bagno,i costumi da bagno,'Costume da bagno' = tenue de bain
I vestiti e gli accessori,un imperméable,m,un impermeabile,gli impermeabili,'Impermeabile' → 'imperméable' (quasi identique)
I vestiti e gli accessori,des chaussettes,f pl,un calzino (sg),i calzini,'Calzino' → 'chaussette' (calza = bas)
I vestiti e gli accessori,des baskets,f pl,una scarpa da ginnastica (sg),le scarpe da ginnastica,'Scarpa da ginnastica' = chaussure de gym
I vestiti e gli accessori,des bottes,f pl,uno stivale (sg),gli stivali,'Stivale' → 'botte' (à retenir)
I vestiti e gli accessori,des sandales,f pl,un sandalo (sg),i sandali,'Sandalo' → 'sandale' (quasi identique)
I vestiti e gli accessori,un chapeau,m,un cappello,i cappelli,'Cappello' → 'chapeau' (proche)
I vestiti e gli accessori,une casquette,m,un cappellino,i cappellini,'Cappellino' = petit chapeau
I vestiti e gli accessori,une écharpe,f,una sciarpa,le sciarpe,'Sciarpa' → 'écharpe' (proche)
I vestiti e gli accessori,une ceinture,f,una cintura,le cinture,'Cintura' → 'ceinture' (proche)
I vestiti e gli accessori,une cravate,f,una cravatta,le cravatte,'Cravatta' → 'cravate' (vient du mot croate !)
I vestiti e gli accessori,des lunettes de soleil,f pl,un occhiale da sole (sg),gli occhiali da sole,'Occhiale' → 'oculus' (œil en latin)
I vestiti e gli accessori,un sac à main,f,una borsa a mano,le borse a mano,'Borsa' → 'bourse / sac'
I vestiti e gli accessori,un sac à dos,m,uno zaino,gli zaini,'Zaino' → à retenir par cœur
I vestiti e gli accessori,une montre,m,un orologio,gli orologi,'Orologio' → 'horloge'
I vestiti e gli accessori,une bague,m,un anello,gli anelli,'Anello' → 'anneau'
I vestiti e gli accessori,un collier,f,una collana,le collane,'Collana' → 'collier' (proche)
I vestiti e gli accessori,s'habiller,—,vestirsi,—,'Vestirsi' → 'se vêtir' (réfléchi)
I vestiti e gli accessori,à la mode,—,alla moda,—,'Alla moda' = à la mode (même expression !)
Il viaggio e il turismo,un voyage,m,un viaggio,i viaggi,'Viaggio' → 'voyage' (proche)
Il viaggio e il turismo,les vacances,f pl,la vacanza (sg),le vacanze,'Vacanza' → 'vacance' (vide)
Il viaggio e il turismo,un touriste,m,un turista,i turisti,'Turista' → 'touriste' (quasi identique)
Il viaggio e il turismo,un aéroport,m,un aeroporto,gli aeroporti,'Aeroporto' → 'aéroport' (quasi identique)
Il viaggio e il turismo,un passeport,m,un passaporto,i passaporti,'Passaporto' = passe + porto (port)
Il viaggio e il turismo,un billet,m,un biglietto,i biglietti,'Biglietto' → 'billet' (proche)
Il viaggio e il turismo,un billet aller-retour,m,un biglietto andata e ritorno,—,'Andata e ritorno' = aller et retour
Il viaggio e il turismo,une valise,f,una valigia,le valigie,'Valigia' → 'valise' (quasi identique)
Il viaggio e il turismo,un sac à dos,m,uno zaino,gli zaini,'Zaino' → à retenir par cœur
Il viaggio e il turismo,un hôtel,m,un hotel,gli hotel,Mot international !
Il viaggio e il turismo,une chambre,f,una camera,le camere,'Camera' → 'chambre' (latin camera)
Il viaggio e il turismo,une réservation,f,una prenotazione,le prenotazioni,'Pre + notazione' = noter à l'avance
Il viaggio e il turismo,l'arrivée,m,l'arrivo,gli arrivi,'Arrivo' → 'arrivée' (quasi identique)
Il viaggio e il turismo,un départ,f,una partenza,le partenze,'Partenza' → 'départ' (proche)
Il viaggio e il turismo,en avion,—,in aereo,—,'In aereo' = en avion
Il viaggio e il turismo,en train,—,in treno,—,'In treno' = en train
Il viaggio e il turismo,en voiture,—,in auto,—,'In auto' = en voiture
Il viaggio e il turismo,en bateau,—,in barca,—,'In barca' = en bateau
Il viaggio e il turismo,un musée,m,un museo,i musei,'Museo' → 'musée' (quasi identique)
Il viaggio e il turismo,un monument,m,un monumento,i monumenti,'Monumento' → 'monument' (quasi identique)
Il viaggio e il turismo,une carte,f,una carta,le carte,'Carta' → 'carte' (quasi identique)
Il viaggio e il turismo,un plan de la ville,f,una mappa della città,—,'Mappa' → 'map'
Il viaggio e il turismo,une excursion,f,un'escursione,le escursioni,'Escursione' → 'excursion' (quasi identique)
Il viaggio e il turismo,une plage,f,una spiaggia,le spiagge,'Spiaggia' → épeler lettre par lettre
Il viaggio e il turismo,un souvenir,m,un souvenir,i souvenir,Mot français adopté !
Il viaggio e il turismo,un taxi,m,un taxi,i taxi,Mot international !
Il viaggio e il turismo,une gare,f,una stazione,le stazioni,'Stazione' → 'station'
Il viaggio e il turismo,réserver,—,prenotare,—,'Prenotare' = pré-noter
Il viaggio e il turismo,faire sa valise,—,fare la valigia,—,'Fare la valigia' = faire la valise
Il tempo,un siècle,m,un secolo,i secoli,'Secolo' → 'siècle' (proche)
Il tempo,une année,m,un anno,gli anni,'Anno' → 'an / année' (quasi identique)
Il tempo,un mois,m,un mese,i mesi,'Mese' → 'mois' (latin mensis)
Il tempo,une semaine,f,una settimana,le settimane,'Settimana' → 'sept' (7 jours !)
Il tempo,un jour,m,un giorno,i giorni,'Giorno' → 'jour' (proche)
Il tempo,une heure,f,un'ora,le ore,'Ora' → 'heure' (proche)
Il tempo,une minute,m,un minuto,i minuti,'Minuto' → 'minute' (quasi identique)
Il tempo,une seconde,m,un secondo,i secondi,'Secondo' → 'seconde' (quasi identique)
Il tempo,maintenant,—,ora / adesso,—,'Adesso' → 'à ce moment'
Il tempo,aujourd'hui,—,oggi,—,'Oggi' → court comme le présent !
Il tempo,demain,—,domani,—,'Domani' → 'demain' (proche)
Il tempo,hier,—,ieri,—,'Ieri' → 'hier' (proche)
Il tempo,avant,—,prima,—,'Prima' → 'en premier / avant'
Il tempo,après,—,dopo,—,'Dopo' → 'après' (latin post)
Il tempo,toujours,—,sempre,—,'Sempre' → terme musical = toujours
Il tempo,jamais,—,mai,—,'Mai' → court comme un refus catégorique
Il tempo,tôt,—,presto,—,'Presto' → terme musical = vite / tôt
Il tempo,tard,—,tardi,—,'Tardi' → 'tard' (quasi identique)
Il tempo,le matin,f,la mattina,le mattine,'Mattina' → 'matin' (proche)
Il tempo,l'après-midi,m,il pomeriggio,i pomeriggi,'Pomeriggio' → 'après-midi' (à retenir)
Il tempo,le soir,f,la sera,le sere,'Sera' → 'soir' (proche)
Il tempo,la nuit,f,la notte,le notti,'Notte' → 'nuit' (latin nocte)
Il tempo,midi,m,mezzogiorno,—,'Mezzo + giorno' = demi-jour = midi !
Il tempo,minuit,f,mezzanotte,—,'Mezzo + notte' = demi-nuit = minuit !
Il tempo,bientôt,—,presto,—,'Presto' → même mot que 'tôt'
Il tempo,souvent,—,spesso,—,'Spesso' → à retenir par cœur
Il tempo,parfois,—,qualche volta,—,'Qualche volta' = quelques fois
Il tempo,rarement,—,raramente,—,'Raramente' → 'rarement' (quasi identique)
Il tempo,tout de suite,—,subito,—,'Subito' → terme musical = immédiatement
Il tempo,le lever du soleil,m,il sorgere del sole,—,'Sorgere' = surgir (le soleil surgit)
Il tempo,le coucher du soleil,m,il tramonto,i tramonti,'Tramonto' → 'coucher de soleil' (beau mot !)
Il tempo,un calendrier,m,un calendario,i calendari,'Calendario' → 'calendrier' (quasi identique)
La scuola,une école,f,una scuola,le scuole,'Scuola' → 'école' (proche)
La scuola,une université,f,una università,le università,'Università' → 'université' (quasi identique)
La scuola,une classe,f,una classe,le classi,'Classe' → identique au français !
La scuola,un cours,m,un corso,i corsi,'Corso' → 'cours' (proche)
La scuola,un élève / étudiant,m,uno studente,gli studenti,'Studente' → 'étudiant' (quasi identique)
La scuola,un professeur,m,un professore,i professori,'Professore' → 'professeur' (quasi identique)
La scuola,un directeur,m,un direttore,i direttori,'Direttore' → 'directeur' (quasi identique)
La scuola,un livre,m,un libro,i libri,'Libro' → 'livre' (latin liber)
La scuola,un cahier,m,un quaderno,i quaderni,'Quaderno' → 'carré' (feuilles carrées)
La scuola,un stylo,f,una penna,le penne,'Penna' → 'plume / stylo'
La scuola,un crayon,f,una matita,le matite,'Matita' → à retenir par cœur
La scuola,une gomme,f,una gomma,le gomme,'Gomma' → 'gomme' (quasi identique)
La scuola,une règle,m,un righello,i righelli,'Righello' → 'règle' (proche)
La scuola,un tableau,f,una lavagna,le lavagne,'Lavagna' → 'ardoise' (pierre de Ligurie)
La scuola,une bibliothèque,f,una biblioteca,le biblioteche,'Biblioteca' → 'bibliothèque' (quasi identique)
La scuola,une cantine,f,la mensa,le mense,'Mensa' → 'table' (latin)
La scuola,un examen,m,un esame,gli esami,'Esame' → 'examen' (quasi identique)
La scuola,un diplôme,m,un diploma,i diplomi,'Diploma' → 'diplôme' (quasi identique)
La scuola,les devoirs,m pl,il compito (sg),i compiti,'Compito' = tâche / devoir
La scuola,une leçon,f,una lezione,le lezioni,'Lezione' → 'leçon' (quasi identique)
La scuola,une note,f,una nota,le note,'Nota' → 'note' (quasi identique)
La scuola,une matière,f,una materia,le materie,'Materia' → 'matière' (quasi identique)
La scuola,les mathématiques,f pl,la matematica,—,'Matematica' → 'mathématiques' (quasi identique)
La scuola,l'histoire,f,la storia,le storie,'Storia' → 'histoire' (proche)
La scuola,la géographie,f,la geografia,—,'Geografia' → 'géographie' (quasi identique)
La scuola,les sciences,f pl,la scienza,le scienze,'Scienza' → 'science' (quasi identique)
La scuola,apprendre,—,imparare,—,'Imparare' → 'impartir' un savoir
La scuola,étudier,—,studiare,—,'Studiare' → 'étudier' (quasi identique)
La scuola,réussir un examen,—,superare un esame,—,'Superare' = dépasser / réussir
La scuola,rater un examen,—,fallire un esame,—,'Fallire' → 'faillir / échouer'
La scuola,la récréation,f,la ricreazione,le ricreazioni,'Ricreazione' → 'récréation' (quasi identique)
I mestieri,un avocat,m,un avvocato,gli avvocati,'Avvocato' → 'avocat' (proche)
I mestieri,un médecin,m,un medico,i medici,'Medico' → 'médecin' (proche)
I mestieri,un dentiste,m,un dentista,i dentisti,'Dentista' → 'dentiste' (quasi identique)
I mestieri,un pharmacien,m,un farmacista,i farmacisti,'Farmacista' → 'pharmacien' (proche)
I mestieri,un infirmier,m,un infermiere,gli infermieri,'Infermiere' → 'infirmier' (quasi identique)
I mestieri,un professeur,m,un professore,i professori,'Professore' → 'professeur' (quasi identique)
I mestieri,un ingénieur,m,un ingegnere,gli ingegneri,'Ingegnere' → 'ingénieur' (proche)
I mestieri,un comptable,m,un contabile,i contabili,'Contabile' → 'comptable' (quasi identique)
I mestieri,un architecte,m,un architetto,gli architetti,'Architetto' → 'architecte' (quasi identique)
I mestieri,un policier,m,un poliziotto,i poliziotti,'Poliziotto' → 'policier' (proche)
I mestieri,un pompier,m,un pompiere,i pompieri,'Pompiere' → 'pompier' (quasi identique)
I mestieri,un cuisinier,m,un cuoco,i cuochi,'Cuoco' → 'cuisinier / cook'
I mestieri,un boulanger,m,un panettiere,i panettieri,'Panettiere' → 'pain' (pane)
I mestieri,un boucher,m,un macellaio,i macellai,'Macellaio' → 'boucher' (à retenir)
I mestieri,un coiffeur,m,un parrucchiere,i parrucchieri,'Parrucchiere' → 'perruquier / coiffeur'
I mestieri,un serveur,m,un cameriere,i camerieri,'Cameriere' → 'garçon / serveur'
I mestieri,un vendeur,m,un venditore,i venditori,'Venditore' → 'vendeur' (quasi identique)
I mestieri,un mécanicien,m,un meccanico,i meccanici,'Meccanico' → 'mécanicien' (quasi identique)
I mestieri,un électricien,m,un elettricista,gli elettricisti,'Elettricista' → 'électricien' (quasi identique)
I mestieri,un plombier,m,un idraulico,gli idraulici,'Idraulico' → 'hydraulique' (eau = plomberie)
I mestieri,un journaliste,m,un giornalista,i giornalisti,'Giornalista' → 'journaliste' (quasi identique)
I mestieri,un écrivain,m,uno scrittore,gli scrittori,'Scrittore' → 'scribe / écrivain'
I mestieri,un musicien,m,un musicista,i musicisti,'Musicista' → 'musicien' (quasi identique)
I mestieri,un acteur,m,un attore,gli attori,'Attore' → 'acteur' (proche)
I mestieri,un fermier,m,un agricoltore,gli agricoltori,'Agricoltore' → 'agriculteur'
I mestieri,un pilote,m,un pilota,i piloti,'Pilota' → 'pilote' (quasi identique)
I mestieri,un chef d'entreprise,m,un imprenditore,gli imprenditori,'Imprenditore' → 'entrepreneur'
I mestieri,un travail,m,un lavoro,i lavori,'Lavoro' → 'labeur / travail'
La città e i luoghi pubblici,une ville,f,una città,le città,'Città' → 'cité' (latin civitas)
La città e i luoghi pubblici,un village,m,un villaggio,i villaggi,'Villaggio' → 'village' (quasi identique)
La città e i luoghi pubblici,le centre-ville,m,il centro città,—,'Centro città' = centre de la ville
La città e i luoghi pubblici,une rue,f,una strada,le strade,'Strada' → 'route / rue'
La città e i luoghi pubblici,un trottoir,m,un marciapiede,i marciapiedi,'Marcia + piede' = marche + pied !
La città e i luoghi pubblici,un pont,m,un ponte,i ponti,'Ponte' → 'pont' (quasi identique)
La città e i luoghi pubblici,un carrefour,m,un incrocio,gli incroci,'Incrocio' → 'croisement'
La città e i luoghi pubblici,un feu de signalisation,m,un semaforo,i semafori,'Semaforo' → 'sémaphore'
La città e i luoghi pubblici,un parc,m,un parco,i parchi,'Parco' → 'parc' (quasi identique)
La città e i luoghi pubblici,une place,f,una piazza,le piazze,'Piazza' → 'place' (quasi identique)
La città e i luoghi pubblici,un marché,m,un mercato,i mercati,'Mercato' → 'marché' (proche)
La città e i luoghi pubblici,un magasin,m,un negozio,i negozi,'Negozio' → 'négoce / magasin'
La città e i luoghi pubblici,un supermarché,m,un supermercato,i supermercati,'Supermercato' → 'supermarché' (quasi identique)
La città e i luoghi pubblici,un centre commercial,m,un centro commerciale,i centri commerciali,'Centro commerciale' → 'centre commercial'
La città e i luoghi pubblici,un restaurant,m,un ristorante,i ristoranti,'Ristorante' → 'restaurant' (quasi identique)
La città e i luoghi pubblici,un hôpital,m,un ospedale,gli ospedali,'Ospedale' → 'hôpital' (latin hospitalis)
La città e i luoghi pubblici,une pharmacie,f,una farmacia,le farmacie,'Farmacia' → 'pharmacie' (quasi identique)
La città e i luoghi pubblici,une banque,f,una banca,le banche,'Banca' → 'banque' (quasi identique)
La città e i luoghi pubblici,un bureau de poste,m,un ufficio postale,gli uffici postali,'Ufficio postale' = bureau de poste
La città e i luoghi pubblici,une église,f,una chiesa,le chiese,'Chiesa' → 'église' (à retenir)
La città e i luoghi pubblici,un musée,m,un museo,i musei,'Museo' → 'musée' (quasi identique)
La città e i luoghi pubblici,un théâtre,m,un teatro,i teatri,'Teatro' → 'théâtre' (quasi identique)
La città e i luoghi pubblici,un cinéma,m,un cinema,i cinema,'Cinema' → identique !
La città e i luoghi pubblici,une gare,f,una stazione,le stazioni,'Stazione' → 'station'
La città e i luoghi pubblici,un arrêt de bus,f,una fermata dell'autobus,le fermate,'Fermata' → 'arrêt' (fermare = arrêter)
La città e i luoghi pubblici,une piscine,f,una piscina,le piscine,'Piscina' → 'piscine' (quasi identique)
La città e i luoghi pubblici,un parking,m,un parcheggio,i parcheggi,'Parcheggio' → 'parking' (proche)
La città e i luoghi pubblici,un quartier,m,un quartiere,i quartieri,'Quartiere' → 'quartier' (quasi identique)
La città e i luoghi pubblici,la banlieue,f,la periferia,le periferie,'Periferia' → 'périphérie / banlieue'
Il calendario,lundi,m,lunedì,—,'Luna + dì' = jour de la lune !
Il calendario,mardi,m,martedì,—,'Marte + dì' = jour de Mars (dieu guerre)
Il calendario,mercredi,m,mercoledì,—,'Mercurio + dì' = jour de Mercure
Il calendario,jeudi,m,giovedì,—,'Giove + dì' = jour de Jupiter
Il calendario,vendredi,m,venerdì,—,'Venere + dì' = jour de Vénus !
Il calendario,samedi,m,sabato,—,'Sabato' → 'sabbat' (repos)
Il calendario,dimanche,m,domenica,—,'Domenica' = jour du Seigneur (dominus)
Il calendario,janvier,m,gennaio,—,'Giano' = Janus (dieu à deux visages)
Il calendario,février,m,febbraio,—,'Februum' = purification (rites romains)
Il calendario,mars,m,marzo,—,'Marte' = Mars (dieu de la guerre)
Il calendario,avril,m,aprile,—,'Aprire' = ouvrir (la nature s'ouvre)
Il calendario,mai,m,maggio,—,'Maia' = déesse romaine de la croissance
Il calendario,juin,m,giugno,—,'Giunone' = Junon (déesse)
Il calendario,juillet,m,luglio,—,'Giulio Cesare' = Jules César !
Il calendario,août,m,agosto,—,'Augusto' = empereur Auguste
Il calendario,septembre,m,settembre,—,'Sette' = sept (7ème mois du calendrier romain)
Il calendario,octobre,m,ottobre,—,'Otto' = huit (8ème mois du calendrier romain)
Il calendario,novembre,m,novembre,—,'Nove' = neuf (9ème mois du calendrier romain)
Il calendario,décembre,m,dicembre,—,'Dieci' = dix (10ème mois du calendrier romain)
Il calendario,le printemps,f,la primavera,—,'Prima + vera' = première vérité / premier vert
Il calendario,l'été,f,l'estate,—,'Estate' → 'été' (à retenir)
Il calendario,l'automne,m,l'autunno,—,'Autunno' → 'automne' (quasi identique)
Il calendario,l'hiver,m,l'inverno,—,'Inverno' → 'hiver' (proche)
Il calendario,une saison,f,una stagione,le stagioni,'Stagione' → 'saison' (quasi identique)
I colori e le forme,blanc,m,bianco,bianchi,'Bianco' → 'blanc' (proche)
I colori e le forme,noir,m,nero,neri,'Nero' → 'noir' (proche — aussi prénom !)
I colori e le forme,gris,m,grigio,grigi,'Grigio' → 'gris' (proche)
I colori e le forme,jaune,m,giallo,gialli,'Giallo' → 'jaune' (proche)
I colori e le forme,orange,m/f,arancione,arancioni,'Arancione' → 'orange' (arancia = orange fruit)
I colori e le forme,vert,m,verde,verdi,'Verde' → 'vert' (quasi identique)
I colori e le forme,bleu,m,blu,blu,'Blu' → 'bleu' (quasi identique) — invariable !
I colori e le forme,rouge,m,rosso,rossi,'Rosso' → 'rouge' (proche)
I colori e le forme,marron,m,marrone,marroni,'Marrone' → 'marron' (quasi identique)
I colori e le forme,violet,m,viola,viola,'Viola' → 'violet' (instrument aussi !) — invariable !
I colori e le forme,rose,m/f,rosa,rosa,'Rosa' → 'rose' (identique) — invariable !
I colori e le forme,beige,m/f,beige,beige,Mot français adopté — invariable !
I colori e le forme,foncé,m,scuro,scuri,'Scuro' → 'sombre / foncé'
I colori e le forme,doré,m,dorato,dorati,'Dorato' → 'doré' (quasi identique)
I colori e le forme,argenté,m,argentato,argentati,'Argentato' → 'argenté' (quasi identique)
I colori e le forme,un carré,m,un quadrato,i quadrati,'Quadrato' → 'carré' (latin quadratus)
I colori e le forme,un cercle,m,un cerchio,i cerchi,'Cerchio' → 'cercle' (quasi identique)
I colori e le forme,un triangle,m,un triangolo,i triangoli,'Triangolo' → 'triangle' (quasi identique)
I colori e le forme,un rectangle,m,un rettangolo,i rettangoli,'Rettangolo' → 'rectangle' (quasi identique)
I colori e le forme,un cœur,m,un cuore,i cuori,'Cuore' → 'cœur' (proche)
I colori e le forme,une étoile,f,una stella,le stelle,'Stella' → 'étoile / stella' (célèbre !)
I colori e le forme,une flèche,f,una freccia,le frecce,'Freccia' → 'flèche' (proche)
I colori e le forme,une spirale,f,una spirale,le spirali,'Spirale' → identique au français !
I sentimenti e le emozioni,l'amour,m,l'amore,gli amori,'Amore' → 'amour' (quasi identique)
I sentimenti e le emozioni,la joie,f,la gioia,le gioie,'Gioia' → 'joie' (quasi identique)
I sentimenti e le emozioni,le bonheur,f,la felicità,—,'Felicità' → 'félicité'
I sentimenti e le emozioni,la tristesse,f,la tristezza,—,'Tristezza' → 'tristesse' (quasi identique)
I sentimenti e le emozioni,la peur,f,la paura,le paure,'Paura' → 'peur' (à retenir)
I sentimenti e le emozioni,la colère,f,la rabbia,le rabbie,'Rabbia' → 'rage' = colère
I sentimenti e le emozioni,la surprise,f,la sorpresa,le sorprese,'Sorpresa' → 'surprise' (quasi identique)
I sentimenti e le emozioni,l'espoir,f,la speranza,—,'Speranza' → 'espérance'
I sentimenti e le emozioni,la jalousie,f,la gelosia,—,'Gelosia' → 'jalousie' (proche)
I sentimenti e le emozioni,la haine,m,l'odio,—,'Odio' → 'odieux' (haine)
I sentimenti e le emozioni,la nostalgie,f,la nostalgia,—,'Nostalgia' → identique au français !
I sentimenti e le emozioni,le plaisir,m,il piacere,i piaceri,'Piacere' → 'plaisir' (proche)
I sentimenti e le emozioni,le soulagement,m,il sollievo,i sollievi,'Sollievo' → 'soulagement' (proche)
I sentimenti e le emozioni,content,m,contento,contenti,'Contento' → 'content' (quasi identique)
I sentimenti e le emozioni,heureux,m,felice,felici,'Felice' → 'félicitations'
I sentimenti e le emozioni,triste,m/f,triste,tristi,'Triste' → identique au français !
I sentimenti e le emozioni,en colère,m,arrabbiato,arrabbiati,'Arrabbiato' → 'en rage'
I sentimenti e le emozioni,fatigué,m,stanco,stanchi,'Stanco' → à retenir par cœur
I sentimenti e le emozioni,inquiet,m,preoccupato,preoccupati,'Preoccupato' → 'préoccupé'
I sentimenti e le emozioni,surpris,m,sorpreso,sorpresi,'Sorpreso' → 'surpris' (quasi identique)
I sentimenti e le emozioni,jaloux,m,geloso,gelosi,'Geloso' → 'jaloux' (proche)
I sentimenti e le emozioni,fier,m,orgoglioso,orgogliosi,'Orgoglioso' → 'orgueilleux / fier'
I sentimenti e le emozioni,nerveux,m,nervoso,nervosi,'Nervoso' → 'nerveux' (quasi identique)
I sentimenti e le emozioni,timide,m/f,timido,timidi,'Timido' → 'timide' (quasi identique)
I sentimenti e le emozioni,aimer,—,amare,—,'Amare' → 'amour' (latin amor)
I sentimenti e le emozioni,détester,—,detestare,—,'Detestare' → 'détester' (quasi identique)
I sentimenti e le emozioni,espérer,—,sperare,—,'Sperare' → 'espérer' (proche)
I sentimenti e le emozioni,rire,—,ridere,—,'Ridere' → 'ridicule' (qui fait rire)
I sentimenti e le emozioni,pleurer,—,piangere,—,'Piangere' → 'plainte'
I sentimenti e le emozioni,sourire,—,sorridere,—,'Sorridere' → 'sourire' (proche)
Lo spazio e le direzioni,le Nord,m,il nord,—,Mot international
Lo spazio e le direzioni,le Sud,m,il sud,—,Mot international
Lo spazio e le direzioni,l'Est,m,l'est,—,Mot international
Lo spazio e le direzioni,l'Ouest,m,l'ovest,—,'Ovest' → 'ouest' (proche)
Lo spazio e le direzioni,en haut,—,in alto,—,'In alto' = en haut (terme musical aussi)
Lo spazio e le direzioni,en bas,—,in basso,—,'In basso' = en bas (terme musical aussi)
Lo spazio e le direzioni,la gauche,f,la sinistra,—,'Sinistra' → 'sinistre' (gauche = mauvais présage autrefois)
Lo spazio e le direzioni,la droite,f,la destra,—,'Destra' → 'dextre' (droite en héraldique)
Lo spazio e le direzioni,devant,—,davanti,—,'Davanti' → 'devant' (proche)
Lo spazio e le direzioni,derrière,—,dietro,—,'Dietro' → 'derrière' (proche)
Lo spazio e le direzioni,dans,—,in,—,'In' → identique au latin !
Lo spazio e le direzioni,sur,—,su,—,'Su' → 'sus / sur' (latin)
Lo spazio e le direzioni,sous,—,sotto,—,'Sotto' → 'sous' (proche)
Lo spazio e le direzioni,entre,—,tra / fra,—,'Tra' → 'entre' (latin inter)
Lo spazio e le direzioni,à côté de,—,accanto a,—,'Accanto' → 'à côté / en chant (chant latéral)'
Lo spazio e le direzioni,à droite,—,a destra,—,'Destra' → 'dextre'
Lo spazio e le direzioni,à gauche,—,a sinistra,—,'Sinistra' → 'sinistre'
Lo spazio e le direzioni,en face,—,di fronte,—,'Di fronte' = de face / en face
Lo spazio e le direzioni,loin,—,lontano,—,'Lontano' → 'loin' (proche)
Lo spazio e le direzioni,près,—,vicino,—,'Vicino' → 'voisin' (proche)
Lo spazio e le direzioni,tout droit,—,diritto,—,'Diritto' → 'droit / direct'
Lo spazio e le direzioni,ici,—,qui,—,'Qui' → 'ici' (court comme le lieu)
Lo spazio e le direzioni,là-bas,—,laggiù,—,'Laggiù' = là + giù (en bas)
Lo spazio e le direzioni,où,—,dove,—,'Dove' → 'où' (à retenir)
Lo spazio e le direzioni,tourner,—,girare,—,'Girare' → 'gyrer / tourner'
Lo spazio e le direzioni,traverser,—,attraversare,—,'Attraversare' → 'traverser' (proche)
Lo spazio e le direzioni,se perdre,—,perdersi,—,'Perdersi' → 'se perdre' (réfléchi)
Lo shopping,un magasin,m,un negozio,i negozi,'Negozio' → 'négoce / magasin'
Lo shopping,le centre commercial,m,il centro commerciale,i centri commerciali,'Centro commerciale' → 'centre commercial'
Lo shopping,un achat,m,un acquisto,gli acquisti,'Acquisto' → 'acquisition / achat'
Lo shopping,le prix,m,il prezzo,i prezzi,'Prezzo' → 'prix' (proche)
Lo shopping,bon marché,m,economico,economici,'Economico' → 'économique = pas cher'
Lo shopping,cher,m,caro,cari,'Caro' → 'cher' (aussi 'chéri' !)
Lo shopping,gratuit,m,gratuito,gratuiti,'Gratuito' → 'gratuit' (quasi identique)
Lo shopping,en promotion,—,in promozione,—,'In promozione' → 'en promotion'
Lo shopping,une réduction,m,uno sconto,gli sconti,'Sconto' → 'escompte / réduction'
Lo shopping,la caisse,f,la cassa,le casse,'Cassa' → 'caisse' (quasi identique)
Lo shopping,le ticket de caisse,m,lo scontrino,gli scontrini,'Scontrino' = petit reçu
Lo shopping,le chariot,m,il carrello,i carrelli,'Carrello' → 'chariot' (proche)
Lo shopping,un panier,m,un cestino,i cestini,'Cestino' → 'corbeille / panier'
Lo shopping,l'argent,m pl,i soldi,—,'Soldi' → 'sous' (anciennes pièces)
Lo shopping,la carte de crédit,f,la carta di credito,le carte di credito,'Carta di credito' = carte de crédit
Lo shopping,la monnaie (rendu),m,il resto,i resti,'Resto' → 'reste' = la monnaie rendue
Lo shopping,ouvert,m,aperto,aperti,'Aperto' → 'ouvert' (latin apertus)
Lo shopping,fermé,m,chiuso,chiusi,'Chiuso' → 'clos / fermé'
Lo shopping,un client,m,il cliente,i clienti,'Cliente' → 'client' (quasi identique)
Lo shopping,la vitrine,f,la vetrina,le vetrine,'Vetrina' → 'vitrine' (proche)
Lo shopping,une boulangerie,f,una panetteria,le panetterie,'Panetteria' → 'boulangerie' (pane = pain)
Lo shopping,acheter,—,comprare,—,'Comprare' → 'compra' (achat)
Lo shopping,payer,—,pagare,—,'Pagare' → 'payer' (proche)
Lo shopping,dépenser,—,spendere,—,'Spendere' → 'dépenser' (proche)
Lo shopping,économiser,—,risparmiare,—,'Risparmiare' → 'épargner'
Lo shopping,rembourser,—,rimborsare,—,'Rimborsare' → 'rembourser' (quasi identique)
Lo shopping,faire les courses,—,fare la spesa,—,'La spesa' = la dépense = les courses
L'identità personale,le nom de famille,m,il cognome,i cognomi,'Cognome' → 'cognomen' (nom latin)
L'identità personale,le prénom,m,il nome,i nomi,'Nome' → 'nom / prénom'
L'identità personale,l'adresse,m,l'indirizzo,gli indirizzi,'Indirizzo' → 'adresse' (proche)
L'identità personale,le numéro de téléphone,m,il numero di telefono,i numeri di telefono,'Numero di telefono' = numéro de téléphone
L'identità personale,la date de naissance,f,la data di nascita,—,'Data di nascita' = date de naissance
L'identità personale,l'âge,f,l'età,—,'Età' → 'âge' (latin aetas)
L'identità personale,la nationalité,f,la nazionalità,—,'Nazionalità' → 'nationalité' (quasi identique)
L'identità personale,la profession,f,la professione,le professioni,'Professione' → 'profession' (quasi identique)
L'identità personale,l'état civil,m,lo stato civile,—,'Stato civile' = état civil
L'identità personale,célibataire,m,celibe (h) / nubile (f),—,'Celibe' → 'célibataire' (proche)
L'identità personale,marié(e),m,sposato,sposati,'Sposato' → 'épousé / marié'
L'identità personale,divorcé,m,divorziato,divorziati,'Divorziato' → 'divorcé' (quasi identique)
L'identità personale,veuf / veuve,m,vedovo / vedova,vedovi/vedove,'Vedovo' → 'veuf' (proche)
L'identità personale,la carte d'identité,f,la carta d'identità,—,'Carta d'identità' = carte d'identité
L'identità personale,le passeport,m,il passaporto,i passaporti,'Passaporto' = passe + porto
L'identità personale,le permis de conduire,f,la patente di guida,—,'Patente' → 'patente / permis'
L'identità personale,la signature,f,la firma,le firme,'Firma' → 'firme / signature'
L'identità personale,la taille (hauteur),f,l'altezza,—,'Altezza' → 'altitude / hauteur'
L'identità personale,le poids,m,il peso,i pesi,'Peso' → 'poids' (quasi identique)
L'identità personale,la langue maternelle,f,la lingua madre,—,'Lingua madre' = langue mère = maternelle
L'identità personale,un formulaire,m,un modulo,i moduli,'Modulo' → 'module / formulaire'
L'identità personale,monsieur,m,signore,signori,'Signore' → 'seigneur / monsieur'
L'identità personale,madame,f,signora,signore,'Signora' → 'dame / madame'
L'identità personale,mademoiselle,f,signorina,signorine,'Signorina' = petite dame = mademoiselle
L'identità personale,se présenter,—,presentarsi,—,'Presentarsi' → 'se présenter' (réfléchi)
L'identità personale,habiter,—,abitare,—,'Abitare' → 'habiter' (quasi identique)
100 frasi comuni,Bonjour !,—,Buongiorno !,—,'Buon + giorno' = bonne journée !
100 frasi comuni,Au revoir !,—,Arrivederci !,—,'Arrivederci' = jusqu'à nous revoir
100 frasi comuni,À bientôt !,—,A presto !,—,'A presto' = à bientôt (presto = vite)
100 frasi comuni,S'il vous plaît,—,Per favore,—,'Per favore' = pour la grâce = s'il vous plaît
100 frasi comuni,Merci beaucoup !,—,Grazie mille !,—,'Grazie mille' = mille mercis
100 frasi comuni,De rien,—,Prego,—,'Prego' = je vous en prie (aussi 'allô' au téléphone !)
100 frasi comuni,Excusez-moi,—,Mi scusi,—,'Mi scusi' = excusez-moi (formel)
100 frasi comuni,Je suis désolé(e),—,Mi dispiace,—,'Mi dispiace' = ça me déplaît = je suis désolé
100 frasi comuni,Je m'appelle...,—,Mi chiamo...,—,'Mi chiamo' = je m'appelle (je me nomme)
100 frasi comuni,Je ne comprends pas,—,Non capisco,—,'Non capisco' = je ne saisis pas
100 frasi comuni,Je ne sais pas,—,Non lo so,—,'Non lo so' = je ne le sais pas
100 frasi comuni,Je suis d'accord,—,Sono d'accordo,—,'Sono d'accordo' = je suis en accord
100 frasi comuni,Je ne suis pas d'accord,—,Non sono d'accordo,—,'Non sono d'accordo' = négation de la précédente
100 frasi comuni,Pouvez-vous répéter ?,—,Può ripetere?,—,'Può ripetere' = pouvez-vous répéter ?
100 frasi comuni,Parlez plus lentement,—,Parli più lentamente,—,'Più lentamente' = plus lentement
100 frasi comuni,J'aime ça !,—,Mi piace !,—,'Mi piace' = ça me plaît (structure inverse du français !)
100 frasi comuni,Je n'aime pas ça,—,Non mi piace,—,'Non mi piace' = ça ne me plaît pas
100 frasi comuni,C'est délicieux,—,È delizioso,—,'Delizioso' → 'délicieux' (quasi identique)
100 frasi comuni,C'est facile,—,È facile,—,'Facile' = identique au français !
100 frasi comuni,C'est difficile,—,È difficile,—,'Difficile' = identique au français !
100 frasi comuni,C'est incroyable !,—,È incredibile !,—,'Incredibile' → 'incroyable' (quasi identique)
100 frasi comuni,Ça coûte trop cher,—,Costa troppo,—,'Costa troppo' = ça coûte trop
100 frasi comuni,Il fait beau aujourd'hui,—,Fa bel tempo oggi,—,'Fa bel tempo' = il fait beau temps
100 frasi comuni,Il pleut,—,Sta piovendo,—,'Sta piovendo' = il est en train de pleuvoir
100 frasi comuni,Je suis fatigué(e),—,Sono stanco(a),—,'Sono stanco' = je suis fatigué
100 frasi comuni,Je suis malade,—,Sono malato(a),—,'Sono malato' = je suis malade
100 frasi comuni,J'ai faim,—,Ho fame,—,'Ho fame' = j'ai faim (avoir + faim)
100 frasi comuni,Je suis heureux(se),—,Sono felice,—,'Sono felice' = je suis heureux
100 frasi comuni,Je suis perdu(e),—,Sono perso(a),—,'Sono perso' = je suis perdu
100 frasi comuni,J'ai réservé une chambre,—,Ho prenotato una camera,—,'Ho prenotato' = j'ai réservé (passé composé)
100 frasi comuni,Je dois y aller,—,Devo andare,—,'Devo andare' = je dois aller
100 frasi comuni,Allons-y !,—,Andiamo !,—,'Andiamo' = allons (impératif de andare)
100 frasi comuni,Tu as raison,—,Hai ragione,—,'Hai ragione' = tu as raison
100 frasi comuni,Bonne chance !,—,Buona fortuna !,—,'Buona fortuna' = bonne chance
100 frasi comuni,Ne t'inquiète pas,—,Non preoccuparti,—,'Non preoccuparti' = ne te préoccupe pas
100 frasi comuni,Attention !,—,Attenzione !,—,'Attenzione' → 'attention' (quasi identique)
100 frasi comuni,Bonne journée !,—,Buona giornata !,—,'Buona giornata' = bonne journée
